Method,Val Accuracy,Test Accuracy,Precision,Recall,F1-Score,Training Time (s)
SVM,0.32871720116618075,0.3272594752186589,0.25704515096207636,0.3272594752186589,0.23963884672121097,0.08900022506713867
